USE NGANHANG;
GO
-- Nạp dữ liệu mẫu cho Publisher (chạy an toàn nhiều lần).
SET NOCOUNT ON;
PRINT N'=== Bắt đầu 04b_publisher_seed_data.sql ===';
GO
-- 1) Dữ liệu chi nhánh.
IF NOT EXISTS (SELECT 1 FROM dbo.CHINHANH WHERE MACN = N'BENTHANH')
    INSERT INTO dbo.CHINHANH (MACN, TENCN, DIACHI, SODT)
    VALUES (N'BENTHANH', N'Chi nhánh Bến Thành', N'123 Lê Lợi, Quận 1, TP.HCM', N'028-3822-1111');
PRINT N'>>> CHINHANH: BENTHANH - OK';

IF NOT EXISTS (SELECT 1 FROM dbo.CHINHANH WHERE MACN = N'TANDINH')
    INSERT INTO dbo.CHINHANH (MACN, TENCN, DIACHI, SODT)
    VALUES (N'TANDINH', N'Chi nhánh Tân Định', N'456 Hai Bà Trưng, Quận 3, TP.HCM', N'028-3930-2222');
PRINT N'>>> CHINHANH: TANDINH - OK';
GO
-- 2) Dữ liệu nhân viên.
IF NOT EXISTS (SELECT 1 FROM dbo.NHANVIEN WHERE MANV = N'NV00000001')
    INSERT INTO dbo.NHANVIEN (MANV, HO, TEN, DIACHI, CMND, PHAI, SODT, MACN, TrangThaiXoa)
    VALUES (N'NV00000001', N'Nguyễn Văn', N'An', N'12 Trần Hưng Đạo, Q.1', N'0790000001', N'Nam', N'0901000001', N'BENTHANH', 0);

IF NOT EXISTS (SELECT 1 FROM dbo.NHANVIEN WHERE MANV = N'NV00000002')
    INSERT INTO dbo.NHANVIEN (MANV, HO, TEN, DIACHI, CMND, PHAI, SODT, MACN, TrangThaiXoa)
    VALUES (N'NV00000002', N'Trần Thị', N'Bình', N'34 Nguyễn Huệ, Q.1', N'0790000002', N'Nữ', N'0901000002', N'BENTHANH', 0);

IF NOT EXISTS (SELECT 1 FROM dbo.NHANVIEN WHERE MANV = N'NV00000003')
    INSERT INTO dbo.NHANVIEN (MANV, HO, TEN, DIACHI, CMND, PHAI, SODT, MACN, TrangThaiXoa)
    VALUES (N'NV00000003', N'Lê Hoàng', N'Cường', N'56 Võ Văn Tần, Q.3', N'0790000003', N'Nam', N'0901000003', N'TANDINH', 0);

IF NOT EXISTS (SELECT 1 FROM dbo.NHANVIEN WHERE MANV = N'NV00000004')
    INSERT INTO dbo.NHANVIEN (MANV, HO, TEN, DIACHI, CMND, PHAI, SODT, MACN, TrangThaiXoa)
    VALUES (N'NV00000004', N'Phạm Mai', N'Dung', N'78 Hai Bà Trưng, Q.3', N'0790000004', N'Nữ', N'0901000004', N'TANDINH', 0);

PRINT N'>>> NHANVIEN: 4 nhân viên (2 BT + 2 TD) - OK';
GO
-- 3) Dữ liệu khách hàng.
IF NOT EXISTS (SELECT 1 FROM dbo.KHACHHANG WHERE CMND = N'0800100001')
    INSERT INTO dbo.KHACHHANG (CMND, HO, TEN, NGAYSINH, DIACHI, NGAYCAP, SODT, PHAI, MACN, TrangThaiXoa)
    VALUES (N'0800100001', N'Hoàng Minh', N'Tuấn', '1990-03-15', N'10 Lý Tự Trọng, Q.1', '2010-05-20', N'0912000001', N'Nam', N'BENTHANH', 0);

IF NOT EXISTS (SELECT 1 FROM dbo.KHACHHANG WHERE CMND = N'0800100002')
    INSERT INTO dbo.KHACHHANG (CMND, HO, TEN, NGAYSINH, DIACHI, NGAYCAP, SODT, PHAI, MACN, TrangThaiXoa)
    VALUES (N'0800100002', N'Vũ Thị', N'Lan', '1985-07-22', N'25 Đồng Khởi, Q.1', '2005-09-11', N'0912000002', N'Nữ', N'BENTHANH', 0);

IF NOT EXISTS (SELECT 1 FROM dbo.KHACHHANG WHERE CMND = N'0800100003')
    INSERT INTO dbo.KHACHHANG (CMND, HO, TEN, NGAYSINH, DIACHI, NGAYCAP, SODT, PHAI, MACN, TrangThaiXoa)
    VALUES (N'0800100003', N'Đỗ Thanh', N'Hải', '1992-11-08', N'40 Pasteur, Q.1', '2012-01-15', N'0912000003', N'Nam', N'BENTHANH', 0);

IF NOT EXISTS (SELECT 1 FROM dbo.KHACHHANG WHERE CMND = N'0800200001')
    INSERT INTO dbo.KHACHHANG (CMND, HO, TEN, NGAYSINH, DIACHI, NGAYCAP, SODT, PHAI, MACN, TrangThaiXoa)
    VALUES (N'0800200001', N'Ngô Bảo', N'Ngọc', '1988-01-30', N'15 Trần Quang Khải, Q.3', '2008-04-18', N'0912000004', N'Nữ', N'TANDINH', 0);

IF NOT EXISTS (SELECT 1 FROM dbo.KHACHHANG WHERE CMND = N'0800200002')
    INSERT INTO dbo.KHACHHANG (CMND, HO, TEN, NGAYSINH, DIACHI, NGAYCAP, SODT, PHAI, MACN, TrangThaiXoa)
    VALUES (N'0800200002', N'Bùi Đức', N'Phú', '1995-06-12', N'30 Bà Huyện Thanh Quan, Q.3', '2015-08-25', N'0912000005', N'Nam', N'TANDINH', 0);

IF NOT EXISTS (SELECT 1 FROM dbo.KHACHHANG WHERE CMND = N'0800200003')
    INSERT INTO dbo.KHACHHANG (CMND, HO, TEN, NGAYSINH, DIACHI, NGAYCAP, SODT, PHAI, MACN, TrangThaiXoa)
    VALUES (N'0800200003', N'Lý Khánh', N'Vy', '1993-09-05', N'50 Nam Kỳ Khởi Nghĩa, Q.3', '2013-12-01', N'0912000006', N'Nữ', N'TANDINH', 0);

IF NOT EXISTS (SELECT 1 FROM dbo.KHACHHANG WHERE CMND = N'0800100004')
    INSERT INTO dbo.KHACHHANG (CMND, HO, TEN, NGAYSINH, DIACHI, NGAYCAP, SODT, PHAI, MACN, TrangThaiXoa)
    VALUES (N'0800100004', N'Nguyễn Quang', N'Minh', '1991-04-11', N'18 Nguyễn Công Trứ, Q.1', '2011-07-19', N'0912000007', N'Nam', N'BENTHANH', 0);

IF NOT EXISTS (SELECT 1 FROM dbo.KHACHHANG WHERE CMND = N'0800100005')
    INSERT INTO dbo.KHACHHANG (CMND, HO, TEN, NGAYSINH, DIACHI, NGAYCAP, SODT, PHAI, MACN, TrangThaiXoa)
    VALUES (N'0800100005', N'Phan Thùy', N'Trang', '1994-10-26', N'77 Trần Quý Cáp, Q.1', '2014-03-09', N'0912000008', N'Nữ', N'BENTHANH', 0);

IF NOT EXISTS (SELECT 1 FROM dbo.KHACHHANG WHERE CMND = N'0800200004')
    INSERT INTO dbo.KHACHHANG (CMND, HO, TEN, NGAYSINH, DIACHI, NGAYCAP, SODT, PHAI, MACN, TrangThaiXoa)
    VALUES (N'0800200004', N'Dương Đức', N'Long', '1989-12-14', N'99 Nguyễn Đình Chiểu, Q.3', '2009-06-10', N'0912000009', N'Nam', N'TANDINH', 0);

IF NOT EXISTS (SELECT 1 FROM dbo.KHACHHANG WHERE CMND = N'0800200005')
    INSERT INTO dbo.KHACHHANG (CMND, HO, TEN, NGAYSINH, DIACHI, NGAYCAP, SODT, PHAI, MACN, TrangThaiXoa)
    VALUES (N'0800200005', N'Tạ Mỹ', N'Hạnh', '1996-02-02', N'12 Nguyễn Thông, Q.3', '2016-09-21', N'0912000010', N'Nữ', N'TANDINH', 0);

PRINT N'>>> KHACHHANG: 10 khách hàng (5 BT + 5 TD) - OK';
GO
-- 4) Dữ liệu tài khoản.
IF NOT EXISTS (SELECT 1 FROM dbo.TAIKHOAN WHERE SOTK = N'BT0000001')
    INSERT INTO dbo.TAIKHOAN (SOTK, CMND, SODU, MACN, NGAYMOTK, Status)
    VALUES (N'BT0000001', N'0800100001', 50000000, N'BENTHANH', '2024-01-10', 'Active');

IF NOT EXISTS (SELECT 1 FROM dbo.TAIKHOAN WHERE SOTK = N'BT0000002')
    INSERT INTO dbo.TAIKHOAN (SOTK, CMND, SODU, MACN, NGAYMOTK, Status)
    VALUES (N'BT0000002', N'0800100002', 20000000, N'BENTHANH', '2024-02-15', 'Active');

IF NOT EXISTS (SELECT 1 FROM dbo.TAIKHOAN WHERE SOTK = N'BT0000003')
    INSERT INTO dbo.TAIKHOAN (SOTK, CMND, SODU, MACN, NGAYMOTK, Status)
    VALUES (N'BT0000003', N'0800100003', 10000000, N'BENTHANH', '2024-03-20', 'Active');

IF NOT EXISTS (SELECT 1 FROM dbo.TAIKHOAN WHERE SOTK = N'TD0000001')
    INSERT INTO dbo.TAIKHOAN (SOTK, CMND, SODU, MACN, NGAYMOTK, Status)
    VALUES (N'TD0000001', N'0800200001', 35000000, N'TANDINH', '2024-01-20', 'Active');

IF NOT EXISTS (SELECT 1 FROM dbo.TAIKHOAN WHERE SOTK = N'TD0000002')
    INSERT INTO dbo.TAIKHOAN (SOTK, CMND, SODU, MACN, NGAYMOTK, Status)
    VALUES (N'TD0000002', N'0800200002', 15000000, N'TANDINH', '2024-04-05', 'Active');

IF NOT EXISTS (SELECT 1 FROM dbo.TAIKHOAN WHERE SOTK = N'TD0000003')
    INSERT INTO dbo.TAIKHOAN (SOTK, CMND, SODU, MACN, NGAYMOTK, Status)
    VALUES (N'TD0000003', N'0800200003', 8000000, N'TANDINH', '2024-05-12', 'Active');

IF NOT EXISTS (SELECT 1 FROM dbo.TAIKHOAN WHERE SOTK = N'TD0000004')
    INSERT INTO dbo.TAIKHOAN (SOTK, CMND, SODU, MACN, NGAYMOTK, Status)
    VALUES (N'TD0000004', N'0800100001', 5000000, N'TANDINH', '2024-06-01', 'Active');

IF NOT EXISTS (SELECT 1 FROM dbo.TAIKHOAN WHERE SOTK = N'BT0000004')
    INSERT INTO dbo.TAIKHOAN (SOTK, CMND, SODU, MACN, NGAYMOTK, Status)
    VALUES (N'BT0000004', N'0800200001', 12000000, N'BENTHANH', '2024-06-15', 'Active');

IF NOT EXISTS (SELECT 1 FROM dbo.TAIKHOAN WHERE SOTK = N'BT0000005')
    INSERT INTO dbo.TAIKHOAN (SOTK, CMND, SODU, MACN, NGAYMOTK, Status)
    VALUES (N'BT0000005', N'0800100004', 18000000, N'BENTHANH', '2024-06-20', 'Active');

IF NOT EXISTS (SELECT 1 FROM dbo.TAIKHOAN WHERE SOTK = N'BT0000006')
    INSERT INTO dbo.TAIKHOAN (SOTK, CMND, SODU, MACN, NGAYMOTK, Status)
    VALUES (N'BT0000006', N'0800100005', 22000000, N'BENTHANH', '2024-07-01', 'Active');

IF NOT EXISTS (SELECT 1 FROM dbo.TAIKHOAN WHERE SOTK = N'TD0000005')
    INSERT INTO dbo.TAIKHOAN (SOTK, CMND, SODU, MACN, NGAYMOTK, Status)
    VALUES (N'TD0000005', N'0800200004', 17500000, N'TANDINH', '2024-06-22', 'Active');

IF NOT EXISTS (SELECT 1 FROM dbo.TAIKHOAN WHERE SOTK = N'TD0000006')
    INSERT INTO dbo.TAIKHOAN (SOTK, CMND, SODU, MACN, NGAYMOTK, Status)
    VALUES (N'TD0000006', N'0800200005', 9800000, N'TANDINH', '2024-07-03', 'Active');

IF NOT EXISTS (SELECT 1 FROM dbo.TAIKHOAN WHERE SOTK = N'TD0000007')
    INSERT INTO dbo.TAIKHOAN (SOTK, CMND, SODU, MACN, NGAYMOTK, Status)
    VALUES (N'TD0000007', N'0800100002', 7600000, N'TANDINH', '2024-07-06', 'Active');

IF NOT EXISTS (SELECT 1 FROM dbo.TAIKHOAN WHERE SOTK = N'BT0000007')
    INSERT INTO dbo.TAIKHOAN (SOTK, CMND, SODU, MACN, NGAYMOTK, Status)
    VALUES (N'BT0000007', N'0800200002', 8400000, N'BENTHANH', '2024-07-09', 'Active');

PRINT N'>>> TAIKHOAN: 14 tài khoản (7 BT + 7 TD, nhiều khách hàng liên chi nhánh) - OK';
GO
-- 5) Dữ liệu giao dịch gửi/rút.
IF NOT EXISTS (
    SELECT 1 FROM dbo.GD_GOIRUT
    WHERE SOTK = N'BT0000001' AND LOAIGD = N'GT' AND SOTIEN = 10000000 AND NGAYGD = '2024-07-01'
)
    INSERT INTO dbo.GD_GOIRUT (SOTK, LOAIGD, NGAYGD, SOTIEN, MANV, MACN, Status)
    VALUES (N'BT0000001', N'GT', '2024-07-01', 10000000, N'NV00000001', N'BENTHANH', 'Completed');

IF NOT EXISTS (
    SELECT 1 FROM dbo.GD_GOIRUT
    WHERE SOTK = N'BT0000002' AND LOAIGD = N'GT' AND SOTIEN = 5000000 AND NGAYGD = '2024-07-05'
)
    INSERT INTO dbo.GD_GOIRUT (SOTK, LOAIGD, NGAYGD, SOTIEN, MANV, MACN, Status)
    VALUES (N'BT0000002', N'GT', '2024-07-05', 5000000, N'NV00000002', N'BENTHANH', 'Completed');

IF NOT EXISTS (
    SELECT 1 FROM dbo.GD_GOIRUT
    WHERE SOTK = N'BT0000001' AND LOAIGD = N'RT' AND SOTIEN = 2000000 AND NGAYGD = '2024-07-10'
)
    INSERT INTO dbo.GD_GOIRUT (SOTK, LOAIGD, NGAYGD, SOTIEN, MANV, MACN, Status)
    VALUES (N'BT0000001', N'RT', '2024-07-10', 2000000, N'NV00000001', N'BENTHANH', 'Completed');

IF NOT EXISTS (
    SELECT 1 FROM dbo.GD_GOIRUT
    WHERE SOTK = N'TD0000001' AND LOAIGD = N'GT' AND SOTIEN = 15000000 AND NGAYGD = '2024-07-02'
)
    INSERT INTO dbo.GD_GOIRUT (SOTK, LOAIGD, NGAYGD, SOTIEN, MANV, MACN, Status)
    VALUES (N'TD0000001', N'GT', '2024-07-02', 15000000, N'NV00000003', N'TANDINH', 'Completed');

IF NOT EXISTS (
    SELECT 1 FROM dbo.GD_GOIRUT
    WHERE SOTK = N'TD0000002' AND LOAIGD = N'GT' AND SOTIEN = 3000000 AND NGAYGD = '2024-07-08'
)
    INSERT INTO dbo.GD_GOIRUT (SOTK, LOAIGD, NGAYGD, SOTIEN, MANV, MACN, Status)
    VALUES (N'TD0000002', N'GT', '2024-07-08', 3000000, N'NV00000004', N'TANDINH', 'Completed');

IF NOT EXISTS (
    SELECT 1 FROM dbo.GD_GOIRUT
    WHERE SOTK = N'TD0000001' AND LOAIGD = N'RT' AND SOTIEN = 5000000 AND NGAYGD = '2024-07-15'
)
    INSERT INTO dbo.GD_GOIRUT (SOTK, LOAIGD, NGAYGD, SOTIEN, MANV, MACN, Status)
    VALUES (N'TD0000001', N'RT', '2024-07-15', 5000000, N'NV00000003', N'TANDINH', 'Completed');

IF NOT EXISTS (
    SELECT 1 FROM dbo.GD_GOIRUT
    WHERE SOTK = N'BT0000003' AND LOAIGD = N'GT' AND SOTIEN = 500000 AND NGAYGD = '2024-08-01'
)
    INSERT INTO dbo.GD_GOIRUT (SOTK, LOAIGD, NGAYGD, SOTIEN, MANV, MACN, Status)
    VALUES (N'BT0000003', N'GT', '2024-08-01', 500000, N'NV00000001', N'BENTHANH', 'Completed');

IF NOT EXISTS (
    SELECT 1 FROM dbo.GD_GOIRUT
    WHERE SOTK = N'BT0000005' AND LOAIGD = N'GT' AND SOTIEN = 2500000 AND NGAYGD = '2024-08-03'
)
    INSERT INTO dbo.GD_GOIRUT (SOTK, LOAIGD, NGAYGD, SOTIEN, MANV, MACN, Status)
    VALUES (N'BT0000005', N'GT', '2024-08-03', 2500000, N'NV00000002', N'BENTHANH', 'Completed');

IF NOT EXISTS (
    SELECT 1 FROM dbo.GD_GOIRUT
    WHERE SOTK = N'TD0000005' AND LOAIGD = N'GT' AND SOTIEN = 4200000 AND NGAYGD = '2024-08-04'
)
    INSERT INTO dbo.GD_GOIRUT (SOTK, LOAIGD, NGAYGD, SOTIEN, MANV, MACN, Status)
    VALUES (N'TD0000005', N'GT', '2024-08-04', 4200000, N'NV00000003', N'TANDINH', 'Completed');

IF NOT EXISTS (
    SELECT 1 FROM dbo.GD_GOIRUT
    WHERE SOTK = N'BT0000006' AND LOAIGD = N'RT' AND SOTIEN = 1200000 AND NGAYGD = '2024-08-06'
)
    INSERT INTO dbo.GD_GOIRUT (SOTK, LOAIGD, NGAYGD, SOTIEN, MANV, MACN, Status)
    VALUES (N'BT0000006', N'RT', '2024-08-06', 1200000, N'NV00000002', N'BENTHANH', 'Completed');

IF NOT EXISTS (
    SELECT 1 FROM dbo.GD_GOIRUT
    WHERE SOTK = N'TD0000006' AND LOAIGD = N'RT' AND SOTIEN = 900000 AND NGAYGD = '2024-08-09'
)
    INSERT INTO dbo.GD_GOIRUT (SOTK, LOAIGD, NGAYGD, SOTIEN, MANV, MACN, Status)
    VALUES (N'TD0000006', N'RT', '2024-08-09', 900000, N'NV00000004', N'TANDINH', 'Completed');

PRINT N'>>> GD_GOIRUT: 12 giao dịch gửi/rút (6 BT + 6 TD) - OK';
GO
-- 6) Dữ liệu giao dịch chuyển tiền.
IF NOT EXISTS (
    SELECT 1 FROM dbo.GD_CHUYENTIEN
    WHERE SOTK_CHUYEN = N'BT0000001' AND SOTK_NHAN = N'BT0000002' AND SOTIEN = 1000000 AND NGAYGD = '2024-08-05'
)
    INSERT INTO dbo.GD_CHUYENTIEN (SOTK_CHUYEN, SOTK_NHAN, LOAIGD, NGAYGD, SOTIEN, MANV, MACN, Status)
    VALUES (N'BT0000001', N'BT0000002', N'CT', '2024-08-05', 1000000, N'NV00000001', N'BENTHANH', 'Completed');

IF NOT EXISTS (
    SELECT 1 FROM dbo.GD_CHUYENTIEN
    WHERE SOTK_CHUYEN = N'TD0000001' AND SOTK_NHAN = N'TD0000002' AND SOTIEN = 2000000 AND NGAYGD = '2024-08-10'
)
    INSERT INTO dbo.GD_CHUYENTIEN (SOTK_CHUYEN, SOTK_NHAN, LOAIGD, NGAYGD, SOTIEN, MANV, MACN, Status)
    VALUES (N'TD0000001', N'TD0000002', N'CT', '2024-08-10', 2000000, N'NV00000003', N'TANDINH', 'Completed');

IF NOT EXISTS (
    SELECT 1 FROM dbo.GD_CHUYENTIEN
    WHERE SOTK_CHUYEN = N'BT0000001' AND SOTK_NHAN = N'TD0000001' AND SOTIEN = 3000000 AND NGAYGD = '2024-08-15'
)
    INSERT INTO dbo.GD_CHUYENTIEN (SOTK_CHUYEN, SOTK_NHAN, LOAIGD, NGAYGD, SOTIEN, MANV, MACN, Status)
    VALUES (N'BT0000001', N'TD0000001', N'CT', '2024-08-15', 3000000, N'NV00000001', N'BENTHANH', 'Completed');

IF NOT EXISTS (
    SELECT 1 FROM dbo.GD_CHUYENTIEN
    WHERE SOTK_CHUYEN = N'TD0000004' AND SOTK_NHAN = N'BT0000004' AND SOTIEN = 700000 AND NGAYGD = '2024-08-16'
)
    INSERT INTO dbo.GD_CHUYENTIEN (SOTK_CHUYEN, SOTK_NHAN, LOAIGD, NGAYGD, SOTIEN, MANV, MACN, Status)
    VALUES (N'TD0000004', N'BT0000004', N'CT', '2024-08-16', 700000, N'NV00000003', N'TANDINH', 'Completed');

IF NOT EXISTS (
    SELECT 1 FROM dbo.GD_CHUYENTIEN
    WHERE SOTK_CHUYEN = N'BT0000007' AND SOTK_NHAN = N'TD0000007' AND SOTIEN = 1100000 AND NGAYGD = '2024-08-17'
)
    INSERT INTO dbo.GD_CHUYENTIEN (SOTK_CHUYEN, SOTK_NHAN, LOAIGD, NGAYGD, SOTIEN, MANV, MACN, Status)
    VALUES (N'BT0000007', N'TD0000007', N'CT', '2024-08-17', 1100000, N'NV00000002', N'BENTHANH', 'Completed');

IF NOT EXISTS (
    SELECT 1 FROM dbo.GD_CHUYENTIEN
    WHERE SOTK_CHUYEN = N'TD0000005' AND SOTK_NHAN = N'TD0000006' AND SOTIEN = 1300000 AND NGAYGD = '2024-08-18'
)
    INSERT INTO dbo.GD_CHUYENTIEN (SOTK_CHUYEN, SOTK_NHAN, LOAIGD, NGAYGD, SOTIEN, MANV, MACN, Status)
    VALUES (N'TD0000005', N'TD0000006', N'CT', '2024-08-18', 1300000, N'NV00000004', N'TANDINH', 'Completed');

IF NOT EXISTS (
    SELECT 1 FROM dbo.GD_CHUYENTIEN
    WHERE SOTK_CHUYEN = N'BT0000006' AND SOTK_NHAN = N'BT0000005' AND SOTIEN = 950000 AND NGAYGD = '2024-08-19'
)
    INSERT INTO dbo.GD_CHUYENTIEN (SOTK_CHUYEN, SOTK_NHAN, LOAIGD, NGAYGD, SOTIEN, MANV, MACN, Status)
    VALUES (N'BT0000006', N'BT0000005', N'CT', '2024-08-19', 950000, N'NV00000001', N'BENTHANH', 'Completed');

PRINT N'>>> GD_CHUYENTIEN: 8 giao dịch chuyển tiền (5 nội bộ + 3 liên CN) - OK';
GO
-- 7) Dữ liệu ánh xạ tài khoản ứng dụng (upsert để sửa được dữ liệu cũ thiếu MACN/EmployeeId/CustomerCMND).
MERGE dbo.NGUOIDUNG AS target
USING (
    SELECT
        N'NV_BT'       AS Username,
        N'N/A-SQL-AUTH' AS PasswordHash,
        1              AS UserGroup,
        N'BENTHANH'    AS DefaultBranch,
        CAST(NULL AS nChar(10)) AS CustomerCMND,
        CAST(N'NV00000001' AS nChar(10)) AS EmployeeId,
        CAST(0 AS tinyint) AS TrangThaiXoa
    UNION ALL
    SELECT
        N'KH_DEMO',
        N'N/A-SQL-AUTH',
        2,
        N'BENTHANH',
        CAST(N'0800100001' AS nChar(10)),
        CAST(NULL AS nChar(10)),
        CAST(0 AS tinyint)
    UNION ALL
    SELECT
        N'ADMIN_NH',
        N'N/A-SQL-AUTH',
        0,
        N'BENTHANH',
        CAST(NULL AS nChar(10)),
        CAST(NULL AS nChar(10)),
        CAST(0 AS tinyint)
) AS src
ON target.Username = src.Username
WHEN MATCHED THEN
    UPDATE SET
        target.PasswordHash  = src.PasswordHash,
        target.UserGroup     = src.UserGroup,
        target.DefaultBranch = src.DefaultBranch,
        target.CustomerCMND  = src.CustomerCMND,
        target.EmployeeId    = src.EmployeeId,
        target.TrangThaiXoa  = src.TrangThaiXoa
WHEN NOT MATCHED THEN
    INSERT (Username, PasswordHash, UserGroup, DefaultBranch, CustomerCMND, EmployeeId, TrangThaiXoa)
    VALUES (src.Username, src.PasswordHash, src.UserGroup, src.DefaultBranch, src.CustomerCMND, src.EmployeeId, src.TrangThaiXoa);

PRINT N'>>> NGUOIDUNG: upsert xong ADMIN_NH, NV_BT, KH_DEMO - OK';
GO
-- 8) Seed full login test set (all roles, default password Password!123).
DECLARE @DefaultPassword nvarchar(128) = N'Password!123';
DECLARE @Accounts TABLE
(
    Username      nvarchar(50)  NOT NULL PRIMARY KEY,
    RoleName      nvarchar(128) NOT NULL,
    UserGroup     int           NOT NULL,
    DefaultBranch nChar(10)     NOT NULL,
    EmployeeId    nChar(10)     NULL,
    CustomerCMND  nChar(10)     NULL
);

INSERT INTO @Accounts (Username, RoleName, UserGroup, DefaultBranch, EmployeeId, CustomerCMND)
VALUES
    (N'ADMIN_NH',   N'NGANHANG',  0, N'BENTHANH', NULL,          NULL),
    (N'ADMIN_NH_2', N'NGANHANG',  0, N'TANDINH',  NULL,          NULL),

    (N'NV_BT',      N'CHINHANH',  1, N'BENTHANH', N'NV00000001', NULL),
    (N'NV_BT_2',    N'CHINHANH',  1, N'BENTHANH', N'NV00000002', NULL),
    (N'NV_TD',      N'CHINHANH',  1, N'TANDINH',  N'NV00000003', NULL),
    (N'NV_TD_2',    N'CHINHANH',  1, N'TANDINH',  N'NV00000004', NULL),

    (N'KH_DEMO',    N'KHACHHANG', 2, N'BENTHANH', NULL,          N'0800100001'),
    (N'KH_BT_02',   N'KHACHHANG', 2, N'BENTHANH', NULL,          N'0800100002'),
    (N'KH_BT_03',   N'KHACHHANG', 2, N'BENTHANH', NULL,          N'0800100003'),
    (N'KH_BT_04',   N'KHACHHANG', 2, N'BENTHANH', NULL,          N'0800100004'),
    (N'KH_TD_01',   N'KHACHHANG', 2, N'TANDINH',  NULL,          N'0800200001'),
    (N'KH_TD_02',   N'KHACHHANG', 2, N'TANDINH',  NULL,          N'0800200002'),
    (N'KH_TD_03',   N'KHACHHANG', 2, N'TANDINH',  NULL,          N'0800200003'),
    (N'KH_TD_04',   N'KHACHHANG', 2, N'TANDINH',  NULL,          N'0800200004');

IF EXISTS (
    SELECT 1
    FROM @Accounts a
    LEFT JOIN dbo.NHANVIEN nv ON nv.MANV = a.EmployeeId
    WHERE a.UserGroup = 1
      AND (a.EmployeeId IS NULL OR nv.MANV IS NULL OR RTRIM(nv.MACN) <> RTRIM(a.DefaultBranch))
)
BEGIN
    RAISERROR(N'Khong the seed login CHINHANH: EmployeeId khong hop le hoac khong khop chi nhanh.', 16, 1);
    RETURN;
END

IF EXISTS (
    SELECT 1
    FROM @Accounts a
    LEFT JOIN dbo.KHACHHANG kh ON kh.CMND = a.CustomerCMND
    WHERE a.UserGroup = 2
      AND (a.CustomerCMND IS NULL OR kh.CMND IS NULL OR RTRIM(kh.MACN) <> RTRIM(a.DefaultBranch))
)
BEGIN
    RAISERROR(N'Khong the seed login KHACHHANG: CustomerCMND khong hop le hoac khong khop chi nhanh dang ky.', 16, 1);
    RETURN;
END

DECLARE
    @Username nvarchar(50),
    @RoleName nvarchar(128),
    @Sql      nvarchar(max);

DECLARE account_cursor CURSOR FAST_FORWARD FOR
SELECT Username, RoleName
FROM @Accounts
ORDER BY UserGroup, Username;

OPEN account_cursor;
FETCH NEXT FROM account_cursor INTO @Username, @RoleName;

WHILE @@FETCH_STATUS = 0
BEGIN
    SET @Sql = N'
IF SUSER_ID(N''' + REPLACE(@Username, '''', '''''') + N''') IS NULL
    CREATE LOGIN ' + QUOTENAME(@Username) + N' WITH PASSWORD = N''' + REPLACE(@DefaultPassword, '''', '''''') + N''', CHECK_POLICY = ON, CHECK_EXPIRATION = OFF, DEFAULT_DATABASE = [NGANHANG];
ELSE
    ALTER LOGIN ' + QUOTENAME(@Username) + N' WITH PASSWORD = N''' + REPLACE(@DefaultPassword, '''', '''''') + N''', CHECK_POLICY = ON, CHECK_EXPIRATION = OFF;';
    EXEC (@Sql);

    SET @Sql = N'
IF DATABASE_PRINCIPAL_ID(N''' + REPLACE(@Username, '''', '''''') + N''') IS NULL
    CREATE USER ' + QUOTENAME(@Username) + N' FOR LOGIN ' + QUOTENAME(@Username) + N';';
    EXEC (@Sql);

    IF NOT EXISTS (
        SELECT 1
        FROM sys.database_role_members rm
        JOIN sys.database_principals u ON u.principal_id = rm.member_principal_id
        JOIN sys.database_principals r ON r.principal_id = rm.role_principal_id
        WHERE u.name = @Username AND r.name = @RoleName
    )
    BEGIN
        SET @Sql = N'ALTER ROLE ' + QUOTENAME(@RoleName) + N' ADD MEMBER ' + QUOTENAME(@Username) + N';';
        EXEC (@Sql);
    END

    FETCH NEXT FROM account_cursor INTO @Username, @RoleName;
END

CLOSE account_cursor;
DEALLOCATE account_cursor;

MERGE dbo.NGUOIDUNG AS target
USING (
    SELECT
        a.Username,
        N'N/A-SQL-AUTH' AS PasswordHash,
        a.UserGroup,
        a.DefaultBranch,
        a.CustomerCMND,
        a.EmployeeId,
        CAST(0 AS tinyint) AS TrangThaiXoa
    FROM @Accounts a
) AS src
ON target.Username = src.Username
WHEN MATCHED THEN
    UPDATE SET
        target.PasswordHash  = src.PasswordHash,
        target.UserGroup     = src.UserGroup,
        target.DefaultBranch = src.DefaultBranch,
        target.CustomerCMND  = src.CustomerCMND,
        target.EmployeeId    = src.EmployeeId,
        target.TrangThaiXoa  = src.TrangThaiXoa
WHEN NOT MATCHED THEN
    INSERT (Username, PasswordHash, UserGroup, DefaultBranch, CustomerCMND, EmployeeId, TrangThaiXoa)
    VALUES (src.Username, src.PasswordHash, src.UserGroup, src.DefaultBranch, src.CustomerCMND, src.EmployeeId, src.TrangThaiXoa);
GO

-- 9) Tổng hợp dữ liệu sau khi seed.
PRINT N'';
PRINT N'=== TÓM TẮT DỮ LIỆU MẪU ===';

SELECT 'CHINHANH'      AS [Bảng], COUNT(*) AS [Số hàng] FROM dbo.CHINHANH       UNION ALL
SELECT 'NHANVIEN',                COUNT(*)               FROM dbo.NHANVIEN       UNION ALL
SELECT 'KHACHHANG',               COUNT(*)               FROM dbo.KHACHHANG      UNION ALL
SELECT 'TAIKHOAN',                COUNT(*)               FROM dbo.TAIKHOAN       UNION ALL
SELECT 'GD_GOIRUT',               COUNT(*)               FROM dbo.GD_GOIRUT      UNION ALL
SELECT 'GD_CHUYENTIEN',           COUNT(*)               FROM dbo.GD_CHUYENTIEN  UNION ALL
SELECT 'NGUOIDUNG',               COUNT(*)               FROM dbo.NGUOIDUNG;

PRINT N'';
PRINT N'=== PHÂN BỐ THEO CHI NHÁNH ===';

SELECT 'KHACHHANG' AS [Bảng], RTRIM(MACN) AS MACN, COUNT(*) AS [Số hàng] FROM dbo.KHACHHANG  GROUP BY MACN UNION ALL
SELECT 'NHANVIEN',             RTRIM(MACN),          COUNT(*)              FROM dbo.NHANVIEN   GROUP BY MACN UNION ALL
SELECT 'TAIKHOAN',             RTRIM(MACN),          COUNT(*)              FROM dbo.TAIKHOAN   GROUP BY MACN UNION ALL
SELECT 'GD_GOIRUT',            RTRIM(MACN),          COUNT(*)              FROM dbo.GD_GOIRUT  GROUP BY MACN UNION ALL
SELECT 'GD_CHUYENTIEN',        RTRIM(MACN),          COUNT(*)              FROM dbo.GD_CHUYENTIEN GROUP BY MACN
ORDER BY [Bảng], MACN;
GO

PRINT N'';
PRINT N'=== KIEM TRA MAPPING LOGIN -> NGUOIDUNG ===';
SELECT
    Username,
    UserGroup,
    RTRIM(DefaultBranch) AS DefaultBranch,
    RTRIM(EmployeeId)    AS EmployeeId,
    RTRIM(CustomerCMND)  AS CustomerCMND,
    TrangThaiXoa
FROM dbo.NGUOIDUNG
ORDER BY Username;
GO

PRINT N'';
PRINT N'=== KIEM TRA NHOM CHINHANH/KHACHHANG THIEU MACN MAPPING ===';
SELECT
    Username,
    UserGroup,
    RTRIM(DefaultBranch) AS DefaultBranch,
    RTRIM(EmployeeId)    AS EmployeeId,
    RTRIM(CustomerCMND)  AS CustomerCMND
FROM dbo.NGUOIDUNG
WHERE TrangThaiXoa = 0
  AND UserGroup IN (1, 2)
  AND (DefaultBranch IS NULL OR LTRIM(RTRIM(DefaultBranch)) = N'');
GO

PRINT N'';
PRINT N'=== 04b_publisher_seed_data.sql hoàn thành thành công ===';
PRINT N'    Đã seed dữ liệu nghiệp vụ + account login test.';
PRINT N'    Password mặc định cho account test: Password!123';
PRINT N'    Dữ liệu sẽ được truyền đến CN1/CN2/TraCuu sau khi Snapshot Agent chạy.';
PRINT N'    Nếu replication đã hoạt động, Merge Agent sẽ đồng bộ trong lần tiếp theo.';
GO
