USE NGANHANG;
GO
-- Nạp dữ liệu mẫu cho Publisher (chạy an toàn nhiều lần).
SET NOCOUNT ON;
PRINT N'=== Bắt đầu 04b_publisher_seed_data.sql ===';
GO
-- 1) Dữ liệu chi nhánh.
IF NOT EXISTS (SELECT 1 FROM dbo.CHINHANH WHERE MACN = N'BENTHANH')
    INSERT INTO dbo.CHINHANH (MACN, TENCN, DIACHI, SODT)
    VALUES (N'BENTHANH', N'Chi nhánh Bến Thành', N'123 Lê Lợi, Quận 1, TP.HCM', N'028-3822-1111');
PRINT N'>>> CHINHANH: BENTHANH - OK';

IF NOT EXISTS (SELECT 1 FROM dbo.CHINHANH WHERE MACN = N'TANDINH')
    INSERT INTO dbo.CHINHANH (MACN, TENCN, DIACHI, SODT)
    VALUES (N'TANDINH', N'Chi nhánh Tân Định', N'456 Hai Bà Trưng, Quận 3, TP.HCM', N'028-3930-2222');
PRINT N'>>> CHINHANH: TANDINH - OK';
GO
-- 2) Dữ liệu nhân viên.
IF NOT EXISTS (SELECT 1 FROM dbo.NHANVIEN WHERE MANV = N'NV00000001')
    INSERT INTO dbo.NHANVIEN (MANV, HO, TEN, DIACHI, CMND, PHAI, SODT, MACN, TrangThaiXoa)
    VALUES (N'NV00000001', N'Nguyễn Văn', N'An', N'12 Trần Hưng Đạo, Q.1', N'0790000001', N'Nam', N'0901000001', N'BENTHANH', 0);

IF NOT EXISTS (SELECT 1 FROM dbo.NHANVIEN WHERE MANV = N'NV00000002')
    INSERT INTO dbo.NHANVIEN (MANV, HO, TEN, DIACHI, CMND, PHAI, SODT, MACN, TrangThaiXoa)
    VALUES (N'NV00000002', N'Trần Thị', N'Bình', N'34 Nguyễn Huệ, Q.1', N'0790000002', N'Nữ', N'0901000002', N'BENTHANH', 0);

IF NOT EXISTS (SELECT 1 FROM dbo.NHANVIEN WHERE MANV = N'NV00000003')
    INSERT INTO dbo.NHANVIEN (MANV, HO, TEN, DIACHI, CMND, PHAI, SODT, MACN, TrangThaiXoa)
    VALUES (N'NV00000003', N'Lê Hoàng', N'Cường', N'56 Võ Văn Tần, Q.3', N'0790000003', N'Nam', N'0901000003', N'TANDINH', 0);

IF NOT EXISTS (SELECT 1 FROM dbo.NHANVIEN WHERE MANV = N'NV00000004')
    INSERT INTO dbo.NHANVIEN (MANV, HO, TEN, DIACHI, CMND, PHAI, SODT, MACN, TrangThaiXoa)
    VALUES (N'NV00000004', N'Phạm Mai', N'Dung', N'78 Hai Bà Trưng, Q.3', N'0790000004', N'Nữ', N'0901000004', N'TANDINH', 0);

PRINT N'>>> NHANVIEN: 4 nhân viên (2 BT + 2 TD) - OK';
GO
-- 3) Dữ liệu khách hàng.
IF NOT EXISTS (SELECT 1 FROM dbo.KHACHHANG WHERE CMND = N'0800100001')
    INSERT INTO dbo.KHACHHANG (CMND, HO, TEN, NGAYSINH, DIACHI, NGAYCAP, SODT, PHAI, MACN, TrangThaiXoa)
    VALUES (N'0800100001', N'Hoàng Minh', N'Tuấn', '1990-03-15', N'10 Lý Tự Trọng, Q.1', '2010-05-20', N'0912000001', N'Nam', N'BENTHANH', 0);

IF NOT EXISTS (SELECT 1 FROM dbo.KHACHHANG WHERE CMND = N'0800100002')
    INSERT INTO dbo.KHACHHANG (CMND, HO, TEN, NGAYSINH, DIACHI, NGAYCAP, SODT, PHAI, MACN, TrangThaiXoa)
    VALUES (N'0800100002', N'Vũ Thị', N'Lan', '1985-07-22', N'25 Đồng Khởi, Q.1', '2005-09-11', N'0912000002', N'Nữ', N'BENTHANH', 0);

IF NOT EXISTS (SELECT 1 FROM dbo.KHACHHANG WHERE CMND = N'0800100003')
    INSERT INTO dbo.KHACHHANG (CMND, HO, TEN, NGAYSINH, DIACHI, NGAYCAP, SODT, PHAI, MACN, TrangThaiXoa)
    VALUES (N'0800100003', N'Đỗ Thanh', N'Hải', '1992-11-08', N'40 Pasteur, Q.1', '2012-01-15', N'0912000003', N'Nam', N'BENTHANH', 0);

IF NOT EXISTS (SELECT 1 FROM dbo.KHACHHANG WHERE CMND = N'0800200001')
    INSERT INTO dbo.KHACHHANG (CMND, HO, TEN, NGAYSINH, DIACHI, NGAYCAP, SODT, PHAI, MACN, TrangThaiXoa)
    VALUES (N'0800200001', N'Ngô Bảo', N'Ngọc', '1988-01-30', N'15 Trần Quang Khải, Q.3', '2008-04-18', N'0912000004', N'Nữ', N'TANDINH', 0);

IF NOT EXISTS (SELECT 1 FROM dbo.KHACHHANG WHERE CMND = N'0800200002')
    INSERT INTO dbo.KHACHHANG (CMND, HO, TEN, NGAYSINH, DIACHI, NGAYCAP, SODT, PHAI, MACN, TrangThaiXoa)
    VALUES (N'0800200002', N'Bùi Đức', N'Phú', '1995-06-12', N'30 Bà Huyện Thanh Quan, Q.3', '2015-08-25', N'0912000005', N'Nam', N'TANDINH', 0);

IF NOT EXISTS (SELECT 1 FROM dbo.KHACHHANG WHERE CMND = N'0800200003')
    INSERT INTO dbo.KHACHHANG (CMND, HO, TEN, NGAYSINH, DIACHI, NGAYCAP, SODT, PHAI, MACN, TrangThaiXoa)
    VALUES (N'0800200003', N'Lý Khánh', N'Vy', '1993-09-05', N'50 Nam Kỳ Khởi Nghĩa, Q.3', '2013-12-01', N'0912000006', N'Nữ', N'TANDINH', 0);

PRINT N'>>> KHACHHANG: 6 khách hàng (3 BT + 3 TD) - OK';
GO
-- 4) Dữ liệu tài khoản.
IF NOT EXISTS (SELECT 1 FROM dbo.TAIKHOAN WHERE SOTK = N'BT0000001')
    INSERT INTO dbo.TAIKHOAN (SOTK, CMND, SODU, MACN, NGAYMOTK, Status)
    VALUES (N'BT0000001', N'0800100001', 50000000, N'BENTHANH', '2024-01-10', 'Active');

IF NOT EXISTS (SELECT 1 FROM dbo.TAIKHOAN WHERE SOTK = N'BT0000002')
    INSERT INTO dbo.TAIKHOAN (SOTK, CMND, SODU, MACN, NGAYMOTK, Status)
    VALUES (N'BT0000002', N'0800100002', 20000000, N'BENTHANH', '2024-02-15', 'Active');

IF NOT EXISTS (SELECT 1 FROM dbo.TAIKHOAN WHERE SOTK = N'BT0000003')
    INSERT INTO dbo.TAIKHOAN (SOTK, CMND, SODU, MACN, NGAYMOTK, Status)
    VALUES (N'BT0000003', N'0800100003', 10000000, N'BENTHANH', '2024-03-20', 'Active');

IF NOT EXISTS (SELECT 1 FROM dbo.TAIKHOAN WHERE SOTK = N'TD0000001')
    INSERT INTO dbo.TAIKHOAN (SOTK, CMND, SODU, MACN, NGAYMOTK, Status)
    VALUES (N'TD0000001', N'0800200001', 35000000, N'TANDINH', '2024-01-20', 'Active');

IF NOT EXISTS (SELECT 1 FROM dbo.TAIKHOAN WHERE SOTK = N'TD0000002')
    INSERT INTO dbo.TAIKHOAN (SOTK, CMND, SODU, MACN, NGAYMOTK, Status)
    VALUES (N'TD0000002', N'0800200002', 15000000, N'TANDINH', '2024-04-05', 'Active');

IF NOT EXISTS (SELECT 1 FROM dbo.TAIKHOAN WHERE SOTK = N'TD0000003')
    INSERT INTO dbo.TAIKHOAN (SOTK, CMND, SODU, MACN, NGAYMOTK, Status)
    VALUES (N'TD0000003', N'0800200003', 8000000, N'TANDINH', '2024-05-12', 'Active');

IF NOT EXISTS (SELECT 1 FROM dbo.TAIKHOAN WHERE SOTK = N'TD0000004')
    INSERT INTO dbo.TAIKHOAN (SOTK, CMND, SODU, MACN, NGAYMOTK, Status)
    VALUES (N'TD0000004', N'0800100001', 5000000, N'TANDINH', '2024-06-01', 'Active');

IF NOT EXISTS (SELECT 1 FROM dbo.TAIKHOAN WHERE SOTK = N'BT0000004')
    INSERT INTO dbo.TAIKHOAN (SOTK, CMND, SODU, MACN, NGAYMOTK, Status)
    VALUES (N'BT0000004', N'0800200001', 12000000, N'BENTHANH', '2024-06-15', 'Active');

PRINT N'>>> TAIKHOAN: 8 tài khoản (4 BT + 4 TD, 2 khách hàng liên chi nhánh) - OK';
GO
-- 5) Dữ liệu giao dịch gửi/rút.
IF NOT EXISTS (
    SELECT 1 FROM dbo.GD_GOIRUT
    WHERE SOTK = N'BT0000001' AND LOAIGD = N'GT' AND SOTIEN = 10000000 AND NGAYGD = '2024-07-01'
)
    INSERT INTO dbo.GD_GOIRUT (SOTK, LOAIGD, NGAYGD, SOTIEN, MANV, MACN, Status)
    VALUES (N'BT0000001', N'GT', '2024-07-01', 10000000, N'NV00000001', N'BENTHANH', 'Completed');

IF NOT EXISTS (
    SELECT 1 FROM dbo.GD_GOIRUT
    WHERE SOTK = N'BT0000002' AND LOAIGD = N'GT' AND SOTIEN = 5000000 AND NGAYGD = '2024-07-05'
)
    INSERT INTO dbo.GD_GOIRUT (SOTK, LOAIGD, NGAYGD, SOTIEN, MANV, MACN, Status)
    VALUES (N'BT0000002', N'GT', '2024-07-05', 5000000, N'NV00000002', N'BENTHANH', 'Completed');

IF NOT EXISTS (
    SELECT 1 FROM dbo.GD_GOIRUT
    WHERE SOTK = N'BT0000001' AND LOAIGD = N'RT' AND SOTIEN = 2000000 AND NGAYGD = '2024-07-10'
)
    INSERT INTO dbo.GD_GOIRUT (SOTK, LOAIGD, NGAYGD, SOTIEN, MANV, MACN, Status)
    VALUES (N'BT0000001', N'RT', '2024-07-10', 2000000, N'NV00000001', N'BENTHANH', 'Completed');

IF NOT EXISTS (
    SELECT 1 FROM dbo.GD_GOIRUT
    WHERE SOTK = N'TD0000001' AND LOAIGD = N'GT' AND SOTIEN = 15000000 AND NGAYGD = '2024-07-02'
)
    INSERT INTO dbo.GD_GOIRUT (SOTK, LOAIGD, NGAYGD, SOTIEN, MANV, MACN, Status)
    VALUES (N'TD0000001', N'GT', '2024-07-02', 15000000, N'NV00000003', N'TANDINH', 'Completed');

IF NOT EXISTS (
    SELECT 1 FROM dbo.GD_GOIRUT
    WHERE SOTK = N'TD0000002' AND LOAIGD = N'GT' AND SOTIEN = 3000000 AND NGAYGD = '2024-07-08'
)
    INSERT INTO dbo.GD_GOIRUT (SOTK, LOAIGD, NGAYGD, SOTIEN, MANV, MACN, Status)
    VALUES (N'TD0000002', N'GT', '2024-07-08', 3000000, N'NV00000004', N'TANDINH', 'Completed');

IF NOT EXISTS (
    SELECT 1 FROM dbo.GD_GOIRUT
    WHERE SOTK = N'TD0000001' AND LOAIGD = N'RT' AND SOTIEN = 5000000 AND NGAYGD = '2024-07-15'
)
    INSERT INTO dbo.GD_GOIRUT (SOTK, LOAIGD, NGAYGD, SOTIEN, MANV, MACN, Status)
    VALUES (N'TD0000001', N'RT', '2024-07-15', 5000000, N'NV00000003', N'TANDINH', 'Completed');

IF NOT EXISTS (
    SELECT 1 FROM dbo.GD_GOIRUT
    WHERE SOTK = N'BT0000003' AND LOAIGD = N'GT' AND SOTIEN = 500000 AND NGAYGD = '2024-08-01'
)
    INSERT INTO dbo.GD_GOIRUT (SOTK, LOAIGD, NGAYGD, SOTIEN, MANV, MACN, Status)
    VALUES (N'BT0000003', N'GT', '2024-08-01', 500000, N'NV00000001', N'BENTHANH', 'Completed');

PRINT N'>>> GD_GOIRUT: 7 giao dịch gửi/rút (4 BT + 3 TD) - OK';
GO
-- 6) Dữ liệu giao dịch chuyển tiền.
IF NOT EXISTS (
    SELECT 1 FROM dbo.GD_CHUYENTIEN
    WHERE SOTK_CHUYEN = N'BT0000001' AND SOTK_NHAN = N'BT0000002' AND SOTIEN = 1000000 AND NGAYGD = '2024-08-05'
)
    INSERT INTO dbo.GD_CHUYENTIEN (SOTK_CHUYEN, SOTK_NHAN, LOAIGD, NGAYGD, SOTIEN, MANV, MACN, Status)
    VALUES (N'BT0000001', N'BT0000002', N'CT', '2024-08-05', 1000000, N'NV00000001', N'BENTHANH', 'Completed');

IF NOT EXISTS (
    SELECT 1 FROM dbo.GD_CHUYENTIEN
    WHERE SOTK_CHUYEN = N'TD0000001' AND SOTK_NHAN = N'TD0000002' AND SOTIEN = 2000000 AND NGAYGD = '2024-08-10'
)
    INSERT INTO dbo.GD_CHUYENTIEN (SOTK_CHUYEN, SOTK_NHAN, LOAIGD, NGAYGD, SOTIEN, MANV, MACN, Status)
    VALUES (N'TD0000001', N'TD0000002', N'CT', '2024-08-10', 2000000, N'NV00000003', N'TANDINH', 'Completed');

IF NOT EXISTS (
    SELECT 1 FROM dbo.GD_CHUYENTIEN
    WHERE SOTK_CHUYEN = N'BT0000001' AND SOTK_NHAN = N'TD0000001' AND SOTIEN = 3000000 AND NGAYGD = '2024-08-15'
)
    INSERT INTO dbo.GD_CHUYENTIEN (SOTK_CHUYEN, SOTK_NHAN, LOAIGD, NGAYGD, SOTIEN, MANV, MACN, Status)
    VALUES (N'BT0000001', N'TD0000001', N'CT', '2024-08-15', 3000000, N'NV00000001', N'BENTHANH', 'Completed');

PRINT N'>>> GD_CHUYENTIEN: 3 giao dịch chuyển tiền (2 nội bộ + 1 liên CN) - OK';
GO
-- 7) Dữ liệu ánh xạ tài khoản ứng dụng.
IF NOT EXISTS (SELECT 1 FROM dbo.NGUOIDUNG WHERE Username = N'NV_BT')
    INSERT INTO dbo.NGUOIDUNG (Username, PasswordHash, UserGroup, DefaultBranch, EmployeeId, TrangThaiXoa)
    VALUES (N'NV_BT', N'N/A-SQL-AUTH', 1, N'BENTHANH', N'NV00000001', 0);
PRINT N'>>> NGUOIDUNG: NV_BT -> BENTHANH - OK';

IF NOT EXISTS (SELECT 1 FROM dbo.NGUOIDUNG WHERE Username = N'KH_DEMO')
    INSERT INTO dbo.NGUOIDUNG (Username, PasswordHash, UserGroup, DefaultBranch, CustomerCMND, TrangThaiXoa)
    VALUES (N'KH_DEMO', N'N/A-SQL-AUTH', 2, N'BENTHANH', N'0800100001', 0);
PRINT N'>>> NGUOIDUNG: KH_DEMO -> BENTHANH - OK';

IF NOT EXISTS (SELECT 1 FROM dbo.NGUOIDUNG WHERE Username = N'ADMIN_NH')
    INSERT INTO dbo.NGUOIDUNG (Username, PasswordHash, UserGroup, DefaultBranch, TrangThaiXoa)
    VALUES (N'ADMIN_NH', N'N/A-SQL-AUTH', 0, N'BENTHANH', 0);
PRINT N'>>> NGUOIDUNG: ADMIN_NH - OK';
GO
-- 8) Tổng hợp dữ liệu sau khi seed.
PRINT N'';
PRINT N'=== TÓM TẮT DỮ LIỆU MẪU ===';

SELECT 'CHINHANH'      AS [Bảng], COUNT(*) AS [Số hàng] FROM dbo.CHINHANH       UNION ALL
SELECT 'NHANVIEN',                COUNT(*)               FROM dbo.NHANVIEN       UNION ALL
SELECT 'KHACHHANG',               COUNT(*)               FROM dbo.KHACHHANG      UNION ALL
SELECT 'TAIKHOAN',                COUNT(*)               FROM dbo.TAIKHOAN       UNION ALL
SELECT 'GD_GOIRUT',               COUNT(*)               FROM dbo.GD_GOIRUT      UNION ALL
SELECT 'GD_CHUYENTIEN',           COUNT(*)               FROM dbo.GD_CHUYENTIEN  UNION ALL
SELECT 'NGUOIDUNG',               COUNT(*)               FROM dbo.NGUOIDUNG;

PRINT N'';
PRINT N'=== PHÂN BỐ THEO CHI NHÁNH ===';

SELECT 'KHACHHANG' AS [Bảng], RTRIM(MACN) AS MACN, COUNT(*) AS [Số hàng] FROM dbo.KHACHHANG  GROUP BY MACN UNION ALL
SELECT 'NHANVIEN',             RTRIM(MACN),          COUNT(*)              FROM dbo.NHANVIEN   GROUP BY MACN UNION ALL
SELECT 'TAIKHOAN',             RTRIM(MACN),          COUNT(*)              FROM dbo.TAIKHOAN   GROUP BY MACN UNION ALL
SELECT 'GD_GOIRUT',            RTRIM(MACN),          COUNT(*)              FROM dbo.GD_GOIRUT  GROUP BY MACN UNION ALL
SELECT 'GD_CHUYENTIEN',        RTRIM(MACN),          COUNT(*)              FROM dbo.GD_CHUYENTIEN GROUP BY MACN
ORDER BY [Bảng], MACN;
GO

PRINT N'';
PRINT N'=== 04b_publisher_seed_data.sql hoàn thành thành công ===';
PRINT N'    Dữ liệu sẽ được truyền đến CN1/CN2/TraCuu sau khi Snapshot Agent chạy.';
PRINT N'    Nếu replication đã hoạt động, Merge Agent sẽ đồng bộ trong lần tiếp theo.';
GO
